category,revenue,orders,avg_review,rev_2017,rev_2018,revenue_share,cumulative_share,yoy_growth
health_beauty,1255695.1299999696,8800,4.149706867671692,247457.9499999973,770002.8100000053,0.09305304875657275,0.09305304875657275,2.1116511310306
watches_gifts,1198185.210000001,5604,4.027702702702703,206284.4399999991,708305.9500000059,0.08879128707422568,0.18184433583079843,2.4336373116654313
bed_bath_table,1035964.0600000726,9399,3.9013133892739877,259621.2399999917,537514.1300000175,0.07676991961038038,0.25861425544117883,1.0703781015761065
sports_leisure,979740.9200000368,7673,4.122259992966827,224596.74999999648,530182.1800000095,0.07260351451516346,0.33121776995634233,1.3605959569763044
computers_accessories,904322.0200000383,6654,3.947402429568364,219638.6799999973,502432.0900000147,0.0670146112764712,0.3982323812328135,1.2875391984691444
furniture_decor,727465.0500000456,6425,3.91880706025563,180301.1399999963,385312.01000000373,0.053908659155473916,0.45214104038828745,1.1370469981499376
housewares,626825.8000000232,5847,4.071168679959249,131132.60999999897,397688.0600000023,0.046450806677319274,0.4985918470656067,2.0327167285086865
cool_stuff,620770.490000004,3616,4.158217716115262,211947.6199999971,230752.40999999852,0.04600207908157876,0.5445939261471855,0.08872376108777091
auto,586585.7300000138,3872,4.077385243931747,128278.05999999976,346632.4400000007,0.04346882394423432,0.5880627500914197,1.7021958392573238
garden_tools,481009.9400000144,3505,4.056098696461825,143767.8899999982,214518.3299999963,0.035645150108385426,0.6237079001998052,0.4921157290407403
toys,479808.54000000266,3855,4.1785626080513705,119703.01000000001,169710.6699999975,0.03555612058990888,0.6592640207897141,0.41776443215586223
baby,410312.2000000026,2868,4.029489728296886,70328.57000000027,256086.69999999658,0.03040610753345662,0.6896701283231708,2.6412897347407407
perfumery,396599.3099999991,3146,4.1770956316410865,123489.56999999972,176944.80999999886,0.02938991642840402,0.7190600447515747,0.4328725089900245
telephony,322342.6399999904,4183,3.9537366548042705,60745.01999999988,179751.53999999637,0.023887140022787388,0.7429471847743622,1.9591156608393039
office_furniture,273580.6999999961,1272,3.4922434367541766,76897.67000000017,143270.11000000002,0.02027364573434123,0.7632208305087034,0.8631268021514786
stationery,229593.83999999633,2299,4.205787781350482,37276.56000000015,135468.7199999991,0.017014007841002727,0.7802348383497061,2.634152936858942
computers,222963.1299999998,181,4.175,39448.99,63732.33999999997,0.016522640337713623,0.7967574786874196,0.6155632881855777
pet_shop,213766.62999999657,1706,4.192546583850931,49750.290000000154,128053.2399999995,0.01584113545452582,0.8125986141419455,1.5739194686101148
small_appliances,187907.25999999954,622,4.177177177177177,66547.03000000012,87850.95999999996,0.013924831759516637,0.8265234459014622,0.32013344547457345
musical_instruments,187788.43999999916,620,4.191553544494721,37431.40000000005,107746.07999999965,0.013916026626017958,0.8404394725274801,1.878494525986191
unknown,178572.54999999824,1437,3.8584126984126983,50715.54000000017,73273.98999999999,0.013233084850568596,0.8536725573780488,0.44480350598652296
electronics,157079.53999999634,2543,4.045321637426901,29614.23000000008,101000.38999999949,0.011640349432811795,0.8653129068108606,2.410535745822168
consoles_games,154927.26999999912,1054,4.051075268817204,46956.32000000015,63775.70999999998,0.011480855873856083,0.8767937626847168,0.3581922518630032
fashion_bags_accessories,151622.74999999846,1858,4.155412115193644,38137.630000000194,70182.19000000026,0.011235975047825374,0.8880297377325421,0.8402346973317405
construction_tools_construction,144550.18999999983,746,4.059652928416486,3511.4899999999993,124349.40999999995,0.01071186433433262,0.8987416020668747,34.412149828135625
luggage_accessories,140111.3799999985,1030,4.327490774907749,51223.310000000274,64023.09000000009,0.010382927163610858,0.9091245292304856,0.2498819385158777
home_appliances_2,110649.74000000009,231,4.153846153846154,12470.819999999996,86902.86000000004,0.008199677935457434,0.917324207165943,5.968496057195924
home_construction,83010.1199999998,489,3.9382303839732886,6721.450000000001,59057.669999999925,0.006151449152828301,0.9234756563187713,7.786447864672045
home_appliances,80001.24000000002,762,4.171018276762402,14232.619999999995,56150.41000000005,0.005928476672762488,0.9294041329915338,2.9451913983511164
agro_industry_and_commerce,72530.46999999999,182,4.0,4610.74,43351.270000000004,0.005374856682965155,0.934778989674499,8.402236951118477
furniture_living_room,68638.56000000025,420,3.909274193548387,23668.79000000004,33632.1500000001,0.005086447432714915,0.9398654371072139,0.420949275395998
home_confort,58572.04000000027,397,3.8310185185185186,21863.26000000008,20883.450000000063,0.004340469882918226,0.944205906990132,-0.04481536605245573
fixed_telephony,57824.20999999996,214,3.7131782945736433,10726.399999999981,27005.390000000036,0.004285052083016702,0.9484909590731486,1.5176564364558551
air_conditioning,54723.160000000076,251,3.989655172413793,19214.120000000006,24864.96000000001,0.0040552493626329995,0.9525462084357815,0.29409829854294656
audio,50668.600000000064,349,3.8412256267409473,7815.339999999995,32960.94000000004,0.003754786965071213,0.9563009954008528,3.2174671863284336
small_appliances_home_oven_and_coffee,47445.71,75,4.302631578947368,180.96,46623.759999999995,0.0035159553146632957,0.9598169507155161,256.6467727674624
kitchen_dining_laundry_garden_furniture,46070.37000000007,246,3.9819494584837547,5399.26,27348.72999999999,0.003414036005573627,0.9632309867210896,4.065273759737443
books_general_interest,45622.29000000022,505,4.483394833948339,11853.889999999994,26966.09000000006,0.003380831122405185,0.9666118178434949,1.2748726367462555
construction_tools_lights,40002.00000000003,243,4.071672354948806,949.0,35948.52000000006,0.002964340601018749,0.9695761584445136,36.880421496311975
industry_commerce_and_business,39669.610000000044,235,4.09811320754717,2356.63,30573.44000000002,0.0029397089032943205,0.9725158673478079,11.9733729944879
construction_tools_safety,39589.020000000055,165,3.877659574468085,767.9,31324.22000000001,0.00293373679667375,0.9754496041444817,39.792056257325186
food,29243.510000000228,449,4.224696356275303,5403.769999999999,20425.719999999998,0.0021670847459951603,0.9776166888904768,2.7799018092924017
market_place,28288.470000000085,279,4.029220779220779,15190.729999999976,7565.569999999994,0.002096311688458103,0.979713000578935,-0.5019613935604144
costruction_tools_garden,25552.180000000048,192,4.094017094017094,5585.989999999998,16774.39,0.0018935394384915589,0.9816065400174264,2.0029394968483665
art,24167.64000000003,201,3.9514563106796117,8363.949999999995,14875.849999999975,0.001790938365151862,0.9833974783825784,0.778567542847576
fashion_shoes,23352.880000000045,238,4.25390625,8978.899999999983,8496.669999999996,0.0017305607303314534,0.9851280391129099,-0.05370702424573026
drinks,22378.710000000036,296,4.040322580645161,1197.66,17424.639999999978,0.0016583700477832194,0.9867864091606932,13.548903695539616
signaling_and_security,21509.230000000018,140,4.086294416243655,1893.7999999999997,17066.239999999998,0.0015939373977713741,0.9883803465584645,8.011637976555075
furniture_bedroom,20028.78000000001,95,4.1192660550458715,5886.109999999997,11181.169999999998,0.0014842289321252008,0.9898645754905897,0.8995856346551465
books_technical,19096.06000000001,260,4.363636363636363,2441.2799999999997,13066.839999999984,0.0014151098939425546,0.9912796853845323,4.352454450124519
costruction_tools_tools,15903.94999999999,97,4.444444444444445,1532.9,11816.659999999998,0.0011785591895798226,0.992458244574112,6.708695935807944
food_drink,15119.47999999997,225,4.322463768115942,1270.4000000000003,7696.739999999995,0.0011204261894477985,0.9935786707635599,5.058517002518887
fashion_male_clothing,10748.819999999978,111,3.6615384615384614,4870.87,2301.870000000001,0.0007965392615129808,0.9943752100250729,-0.5274211793786323
fashion_underwear_beach,9541.549999999983,121,3.976923076923077,2700.3500000000013,2469.0000000000023,0.0007070747478038691,0.9950822847728769,-0.08567407928601811
christmas_supplies,8787.829999999989,127,4.041379310344827,377.69000000000005,5945.899999999997,0.0006512204705727348,0.9957335052434496,14.742804945855056
tablets_printing_image,7528.409999999992,79,4.1234567901234565,5157.749999999998,1267.96,0.0005578913910333363,0.996291396634483,-0.7541641219524016
cine_photo,6933.4599999999955,65,4.194444444444445,315.0,6238.4599999999955,0.000513802734451763,0.9968051993689347,18.804634920634907
music,6034.349999999999,38,4.2105263157894735,1503.4900000000002,4475.96,0.0004471743589259905,0.9972523737278607,1.9770467379230983
books_imported,4639.849999999995,53,4.4,278.99,3515.8599999999965,0.0003438352016808364,0.9975962089295415,11.602100433707289
dvds_blu_ray,4559.490000000001,57,4.180327868852459,3012.690000000001,1132.71,0.00033788013916651586,0.9979340890687081,-0.6240203937345032
party_supplies,4485.179999999999,39,3.7674418604651163,69.9,2621.7900000000004,0.00033237341075139395,0.9982664624794594,36.507725321888415
furniture_mattress_and_upholstery,4368.08,38,3.8157894736842106,1324.08,1819.8,0.0003236957375255729,0.998590158216985,0.3743882544861339
portateis_cozinha_e_preparadores_de_alimentos,3933.63,13,3.4285714285714284,,3933.63,0.0002915009029144886,0.9988816591198996,
fashio_female_clothing,2803.6400000000003,39,3.75,1696.5000000000005,616.6600000000001,0.00020776320890555973,0.999089422328805,-0.6365104627173593
fashion_sport,2119.5100000000016,27,4.233333333333333,1185.71,369.5,0.00015706588538736183,0.9992464882141924,-0.6883723676109672
la_cuisine,2054.99,13,4.0,999.99,781.0,0.00015228464306003484,0.9993987728572524,-0.21899218992189917
arts_and_craftmanship,1814.0099999999998,23,4.125,151.89000000000001,1662.1199999999997,0.0001344268659980505,0.9995331997232505,9.942919217855023
diapers_and_hygiene,1538.79,26,3.3157894736842106,,1327.8899999999999,0.00011403174024902848,0.9996472314634994,
pc_gamer,1306.95,7,3.625,519.96,786.99,9.685128114847886e-05,0.9997440827446479,0.5135587352873296
flowers,1110.04,29,4.419354838709677,,839.5400000000001,8.225930305371855e-05,0.9998263420477015,
home_comfort_2,760.2699999999994,24,3.6296296296296298,493.0799999999998,151.09000000000003,5.6339663735226256e-05,0.9998826817114367,-0.6935791352316052
cds_dvds_musicals,730.0,12,4.642857142857143,360.0,65.0,5.4096511143034974e-05,0.9999367782225798,-0.8194444444444444
fashion_childrens_clothes,569.85,8,4.5,269.9,169.97,4.222862585597052e-05,0.9999790068484357,-0.37024824008892177
security_and_services,283.28999999999996,2,2.5,183.29,,2.0993151563986815e-05,0.9999999999999996,
