order_month,orders,customers,revenue,avg_order_value,avg_review,late_rate
2017-01-01,787,753,120098.26999999984,152.60263024142293,4.0926640926640925,0.030666666666666665
2017-02-01,1718,1693,244959.3499999966,142.58402211874073,4.102459016393443,0.03206291591046582
2017-03-01,2617,2577,368341.3199999999,140.74945357279324,4.131639722863741,0.05577376276512176
2017-04-01,2377,2345,353842.9800000003,148.86116112747172,4.066525423728813,0.07859313938341295
2017-05-01,3640,3569,503159.1900000065,138.2305467032985,4.176650027731559,0.03610719322990127
2017-06-01,3205,3142,429916.6100000025,134.13934789391652,4.1763596353348005,0.03859649122807018
2017-07-01,3946,3872,492287.3000000069,124.75603142422882,4.226540526719509,0.034349173553719005
2017-08-01,4272,4191,568245.7900000116,133.0163366104896,4.2683329403442585,0.03315048891008824
2017-09-01,4227,4154,621415.9100000116,147.01109770523104,4.221745350500715,0.052048192771084335
2017-10-01,4547,4481,660179.620000012,145.19015174840817,4.173614190687362,0.05292541313086199
2017-11-01,7421,7313,1003862.14000003,135.27316264654763,3.9493206521739133,0.1431119648737651
2017-12-01,5618,5551,742183.7900000148,132.1081861872579,4.040460348858119,0.08380192272809722
2018-01-01,7187,7088,945456.2900000286,131.55089606233875,4.067499298344092,0.06563870420144292
2018-02-01,6624,6468,837895.4300000273,126.49387530193648,3.859120645063137,0.15987795575896263
2018-03-01,7168,7077,981051.060000028,136.8653822544682,3.7635800731775966,0.21362273311437954
2018-04-01,6919,6863,993592.9800000237,143.60355253649715,4.169896546699694,0.05310385407472786
2018-05-01,6833,6775,992871.750000027,145.30539294600132,4.210472128254155,0.08238257519632539
2018-06-01,6145,6106,863265.5300000184,140.4825923515083,4.287792122895898,0.013615485564304463
2018-07-01,6233,6172,878044.2700000192,140.87025028076675,4.289754363283775,0.04483430799220273
2018-08-01,6421,6380,848860.1000000213,132.20060738203102,4.287947475379084,0.10392064241851677
