days_vs_estimate,orders,avg_review
-20,16358,4.302848759016995
-19,2693,4.358707760861493
-18,3116,4.330872913992298
-17,3398,4.336668628605062
-16,3888,4.3335905349794235
-15,5318,4.347687100413689
-14,7090,4.328631875881523
-13,5926,4.33817077286534
-12,4526,4.310870525850641
-11,4592,4.301829268292683
-10,4618,4.332178432221741
-9,4606,4.291793313069909
-8,4800,4.255625
-7,4815,4.25607476635514
-6,3603,4.24646128226478
-5,2208,4.194746376811594
-4,1903,4.1460851287440885
-3,1715,4.121865889212828
-2,1540,4.123376623376624
-1,1450,4.1579310344827585
0,1280,4.03359375
1,820,3.731707317073171
2,536,3.1791044776119404
3,496,2.683467741935484
4,436,2.4977064220183487
5,434,2.1889400921658986
6,407,1.8108108108108107
7,471,1.910828025477707
8,330,1.709090909090909
9,219,1.6666666666666667
10,207,1.5797101449275361
11,177,1.728813559322034
12,155,1.664516129032258
13,189,1.7301587301587302
14,169,1.5917159763313609
15,155,1.7032258064516128
16,94,1.6595744680851063
17,89,1.6741573033707866
18,73,1.726027397260274
19,74,1.5135135135135136
20,850,1.7576470588235293
