state,orders,revenue,freight_to_revenue,late_rate,avg_delivery_days,avg_review
SP,41125,5163867.220001052,0.13831975331074556,0.05894700449449301,8.70057292438386,4.210884353741497
RJ,12697,1811623.4199998616,0.1678296585501339,0.13473684210526315,15.237004048582996,3.9050961001674773
MG,11496,1573508.1999999096,0.17131542752686046,0.056103575832305796,11.944953320415712,4.1641568902118715
RS,5415,742559.7800000187,0.18144102822266822,0.07148203592814371,15.248502994011975,4.15421686746988
PR,4982,676883.060000014,0.17331435359011385,0.049969530773918344,11.938045906967297,4.211057304277643
SC,3599,518578.280000006,0.17248200213861478,0.09757473209249859,14.902989283699943,4.099411929431532
BA,3344,507108.83000000456,0.1968016017390154,0.14035626535626536,19.278562653562652,3.8838124054462937
DF,2120,300886.44999999803,0.16764051687937492,0.07067307692307692,12.899038461538462,4.086729857819905
GO,1998,287870.4599999971,0.18297782273318486,0.08175779253960143,15.536024527337762,4.0705289672544085
ES,2018,273532.1299999959,0.1811447159790715,0.12230576441102757,15.723809523809523,4.0527373179306885
PE,1643,261739.93999999698,0.22647823637462666,0.10797237915881984,18.3954802259887,4.022140221402214
CE,1323,226264.05999999808,0.2132842043053602,0.1532447224394058,21.200156372165754,3.881188118811881
PA,969,178821.11999999886,0.216190458934606,0.12367864693446089,23.725158562367866,3.8619246861924688
MT,902,156313.52999999962,0.18994888030486004,0.06772009029345373,18.003386004514674,4.109497206703911
MA,736,119291.62000000004,0.2631898200393287,0.19665271966527198,21.511854951185494,3.781121751025992
MS,708,116754.64999999988,0.16377112174975494,0.11554921540656206,15.544935805991441,4.138810198300283
PB,531,114874.09999999992,0.2232824457384217,0.1102514506769826,20.38878143133462,4.026666666666666
PI,490,86660.09000000004,0.24354209648293682,0.15966386554621848,19.394957983193276,3.934020618556701
RN,482,83034.97999999991,0.2271343956486774,0.10759493670886076,19.223628691983123,4.112970711297071
AL,411,80314.81000000004,0.19815261967251097,0.23929471032745592,24.50125944584383,3.7598039215686274
SE,345,58920.85000000011,0.23949875129092596,0.15223880597014924,21.46268656716418,3.8372093023255816
TO,278,49407.99000000006,0.23672001228951,0.12773722627737227,17.598540145985403,4.111913357400722
RO,246,46031.64000000009,0.24748477351665024,0.02880658436213992,19.28395061728395,4.130612244897959
AM,147,22356.84000000002,0.24506549226098132,0.041379310344827586,26.358620689655172,4.220689655172414
AC,81,15982.949999999992,0.23066768024676298,0.0375,21.0,4.049382716049383
AP,68,13474.299999999996,0.20694952613493844,0.04477611940298507,27.17910447761194,4.1940298507462686
RR,45,7739.439999999998,0.2854896478298172,0.12195121951219512,29.341463414634145,3.6444444444444444
