weekday,hour,orders
0,0,260
0,1,140
0,2,68
0,3,43
0,4,27
0,5,27
0,6,33
0,7,105
0,8,203
0,9,343
0,10,524
0,11,715
0,12,669
0,13,714
0,14,676
0,15,707
0,16,706
0,17,792
0,18,888
0,19,892
0,20,956
0,21,876
0,22,864
0,23,603
1,0,322
1,1,134
1,2,64
1,3,36
1,4,21
1,5,22
1,6,65
1,7,159
1,8,475
1,9,765
1,10,1020
1,11,1068
1,12,961
1,13,1012
1,14,1082
1,15,1065
1,16,1076
1,17,974
1,18,915
1,19,933
1,20,1016
1,21,1103
1,22,982
1,23,708
2,0,304
2,1,155
2,2,80
2,3,28
2,4,28
2,5,24
2,6,71
2,7,219
2,8,515
2,9,853
2,10,950
2,11,1040
2,12,889
2,13,1036
2,14,1106
2,15,1026
2,16,1074
2,17,956
2,18,868
2,19,909
2,20,970
2,21,1017
2,22,955
2,23,685
3,0,392
3,1,174
3,2,81
3,3,31
3,4,33
3,5,26
3,6,93
3,7,210
3,8,508
3,9,817
3,10,1029
3,11,1046
3,12,912
3,13,1008
3,14,1039
3,15,971
3,16,1024
3,17,958
3,18,837
3,19,833
3,20,892
3,21,952
3,22,872
3,23,612
4,0,354
4,1,167
4,2,74
4,3,39
4,4,31
4,5,28
4,6,83
4,7,217
4,8,497
4,9,750
4,10,970
4,11,945
4,12,963
4,13,968
4,14,968
4,15,916
4,16,1066
4,17,893
4,18,776
4,19,814
4,20,829
4,21,832
4,22,850
4,23,541
5,0,418
5,1,210
5,2,70
5,3,48
5,4,40
5,5,35
5,6,96
5,7,204
5,8,493
5,9,758
5,10,942
5,11,983
5,12,843
5,13,989
5,14,950
5,15,969
5,16,960
5,17,806
5,18,716
5,19,772
5,20,730
5,21,714
5,22,695
5,23,507
6,0,312
6,1,171
6,2,66
6,3,42
6,4,25
6,5,23
6,6,52
6,7,104
6,8,248
6,9,426
6,10,648
6,11,700
6,12,681
6,13,702
6,14,670
6,15,716
6,16,688
6,17,694
6,18,707
6,19,746
6,20,723
6,21,651
6,22,543
6,23,425
